model,config,mae_mean,mae_std,n_parameters,checkpoint_size_mb,checkpoint_count,checkpoint_size_min_mb,checkpoint_size_max_mb,timing_scope,timing_blocks,runs_per_block,p50_ms,median_ms,p90_ms,p95_ms,p99_ms,max_ms,mean_ms,std_ms
RandomForestModel,ae_logspec+vib_logspec,0.0200084976130886,0.0356318907840697,0,2.916172981262207,16,2.6430253982543945,3.0211181640625,pooled over 16 canonical repeat-0 LOGO checkpoints,5,200,8.01866757683456,8.01866757683456,8.243493409827352,13.746937597170472,13.953437120653689,15.337252989411354,8.48963432214805,1.578448482855963
RandomForestModel,ae_spec+vib_spec,0.0210083645939763,0.0424684034804462,0,2.7371644973754883,16,2.486581802368164,2.851078987121582,pooled over 16 canonical repeat-0 LOGO checkpoints,5,200,7.988157216459513,7.988157216459513,8.117990801110864,8.159074606373906,8.272503684274852,10.847382713109255,8.00480161496671,0.1314430981839211
LightGBMModel,vib_logspec,0.0249992690716514,0.0469554570557082,0,0.7021360397338867,16,0.6940908432006836,0.7060642242431641,pooled over 16 canonical repeat-0 LOGO checkpoints,5,200,4.927620058879256,4.927620058879256,4.983644839376211,4.998969309963286,5.0449404725804925,7.749828044325113,4.919235762994504,0.0986649505576493
ResNetVibCNN,vib_spec,0.0268156348788914,0.0443101521828531,86546,0.3509025573730469,16,0.3509025573730469,0.35095787048339844,pooled over 16 canonical repeat-0 LOGO checkpoints,5,200,1.2833913788199425,1.2833913788199425,1.2983827386051416,1.3041157275438309,1.3675333745777607,4.143917001783848,1.2881727082422003,0.04898640738035921
ResNetAECNN,ae_spec,0.0300071182967114,0.0404385095685032,86402,0.35024261474609375,16,0.35024261474609375,0.3502979278564453,pooled over 16 canonical repeat-0 LOGO checkpoints,5,200,2.306806854903698,2.306806854903698,2.321559563279152,2.328858827240765,2.9103148356080073,5.201883148401976,2.32342477113707,0.12746915558538785
BilinearFusionNetwork,ae_spec+vib_spec+physics+pp,0.0316650927299633,0.0420586822223424,171425,0.7208900451660156,16,0.7208900451660156,0.7211637496948242,pooled over 16 canonical repeat-0 LOGO checkpoints,5,200,3.994201309978962,3.994201309978962,4.024558560922742,4.035838646814227,4.241779325529935,6.871113087981939,4.0019279488769826,0.10907761308910117
