model,config,mae_mean,mae_std,mse_mean,mse_std,r2_mean,r2_std,n_folds
RandomForestModel,vib_wst,0.02479367108293826,0.033590146322942584,0.001972672711778987,0.004784364052695441,-25.394023533685985,47.94943797896242,16
RandomForestModel,ae_wst+vib_wst,0.03340129027545703,0.054179116455524395,0.004404389945811393,0.011964927063767863,-61.261926002461784,142.80178573578718,16
RandomForestModel,ae_wst+vib_wst+pp,0.03376108734601335,0.05571257326167357,0.004554157783241691,0.012834450688081958,-57.69389463994525,126.27583431461062,16
