mae,mse,r2,n_test,model,config,held_out_conditions
0.0106741013636964,0.0001799397585749,-1.020605357285866,40,RandomForestModel,ae_spec+vib_spec,4;12
0.0113952759357576,0.0002003006589052,-1.2492449009447697,40,RandomForestModel,ae_mel+vib_mel,4;12
0.0125364380279888,0.0002109533222478,-1.368867316746131,40,LightGBMModel,vib_spec,4;12
0.0264625077720107,0.0011277821926838,-11.664253628192323,40,LightGBMModel,ae_spec+vib_spec,4;12
0.0150598287582397,0.0003158794133923,-2.5471185664293934,40,XGBoostModel,vib_spec,4;12
0.03545376658439636,0.0027163932099938393,-29.503308432502642,40,ResNetAECNN,ae_spec,4;12
0.014033222571015358,0.0003652648883871734,-3.101684231112338,40,ChannelAttentionCNN,ae_spec,4;12
