config,mae
Full AE + Vib,0.02022349089384079
AE >1 MHz removed,0.02026321366429329
Vib 2-15 kHz removed,0.020226452499628067
Both removed,0.020806819200515747
