config,mae
AE only,0.029565095901489258
Vib only,0.020718416199088097
AE + Vib,0.02022349089384079
