model,config,seed,fold,test_condition,mae,mse,r2
TrajectoryCNN,vib_trajectory,46,0,1,0.007982496172189713,0.00016932112339418381,-3.5419279439252653
TrajectoryCNN,vib_trajectory,46,1,2,0.0633925050497055,0.007185524795204401,-380.2939627194895
TrajectoryCNN,vib_trajectory,46,2,3,0.011033004149794579,0.00016708225302863866,-0.6350811747468736
TrajectoryCNN,vib_trajectory,46,3,4,0.011907430365681648,0.00019330672512296587,-0.6939550937491408
TrajectoryCNN,vib_trajectory,46,4,5,0.004645613022148609,3.171516800648533e-05,-0.06836898203677522
TrajectoryCNN,vib_trajectory,46,5,6,0.0181750301271677,0.0008289335528388619,-14.89765135360542
TrajectoryCNN,vib_trajectory,46,6,7,0.25666260719299316,0.06730267405509949,-388.21019894591996
TrajectoryCNN,vib_trajectory,46,7,8,0.14340588450431824,0.020691603422164917,-171.5213289616926
TrajectoryCNN,vib_trajectory,46,8,9,0.05669335275888443,0.007786598987877369,-105.60572138538399
TrajectoryCNN,vib_trajectory,46,9,10,0.03868721425533295,0.002737858798354864,-44.361523973681514
TrajectoryCNN,vib_trajectory,46,10,11,0.012267740443348885,0.00017950250185094774,-5.614528321019619
TrajectoryCNN,vib_trajectory,46,11,12,0.006895831786096096,7.508614362450317e-05,-0.23468487949757733
TrajectoryCNN,vib_trajectory,46,12,13,0.01248194184154272,0.00019184852135367692,-2.3494033267581425
TrajectoryCNN,vib_trajectory,46,13,14,0.061224889010190964,0.0069904751144349575,-326.5821868442218
TrajectoryCNN,vib_trajectory,46,14,15,0.006676015444099903,6.215179018909112e-05,-0.8729214336221178
TrajectoryCNN,vib_trajectory,46,15,16,0.00809034425765276,9.675490582594648e-05,-0.8561596478455924
