feature,mean_abs_shap
grinding_depth,0.05456064533681975
wheel_speed,0.02496289998041001
workpiece_speed,0.018791974405382987
