feature,mean_abs_shap
grinding_depth,0.013712327244170631
wheel_speed,0.010709013828197401
workpiece_speed,0.008418991420060227
