feature,mean_abs_shap
grinding_depth,0.044701334148053204
wheel_speed,0.033163249782761736
workpiece_speed,0.011349976878273929
